id,course_code,cl_no,course_name,cl_day,cl_start,cl_end,cl_room,lecturer
1,CCAH 4001,10,Arts Appreciation,2,08:30,11:20,KEC 1002,
2,CCAH 4001,11,Arts Appreciation,4,08:30,11:20,KEC 1002,
3,CCAH 4001,12,Arts Appreciation,3,11:30,14:20,KEC 1002,
4,CCAH 4001,13,Arts Appreciation,4,13:00,15:50,KEC 1002,
5,CCAH 4001,14,Arts Appreciation,1,08:30,11:20,KEC 1002,
6,CCAH 4001,15,Arts Appreciation,3,08:30,11:20,KEC 1002,
7,CCAH 4001,16,Arts Appreciation,5,10:00,12:50,KEC 1002,
8,CCAH 4001,17,Arts Appreciation,3,14:30,17:20,KEC 1002,
9,CCAH 4001,18,Arts Appreciation,5,13:00,15:50,KEC 1002,
10,CCAH 4003,07,Design for Brands,2,13:00,15:50,KEC 1003,
11,CCAH 4003,08,Design for Brands,4,14:30,17:20,KEC 1003,
12,CCAH 4003,09,Design for Brands,3,08:30,11:20,CIT 803,
13,CCAH 4003,10,Design for Brands,1,13:00,15:50,CIT 802,
14,CCAH 4003,11,Design for Brands,1,08:30,11:20,CIT 1005,
15,CCAH 4003,12,Design for Brands,2,14:30,17:20,CIT 1005,
16,CCAH 4004,06,From Revolution to Modernisation: A History of Modern China,1,13:00,14:20,KEC 701,
17,CCAH 4004,06,From Revolution to Modernisation: A History of Modern China,2,16:00,17:20,KEC 604,
18,CCAH 4004,07,From Revolution to Modernisation: A History of Modern China,1,08:30,09:50,KEC 601,
19,CCAH 4004,07,From Revolution to Modernisation: A History of Modern China,3,13:00,14:20,KEC 604,
20,CCAH 4004,08,From Revolution to Modernisation: A History of Modern China,2,14:30,15:50,KEC 604,
21,CCAH 4004,08,From Revolution to Modernisation: A History of Modern China,3,16:00,17:20,KEC 503,
22,CCAH 4004,09,From Revolution to Modernisation: A History of Modern China,2,08:30,09:50,KEC 807,
23,CCAH 4004,09,From Revolution to Modernisation: A History of Modern China,5,08:30,09:50,KEC 508,
24,CCAH 4004,10,From Revolution to Modernisation: A History of Modern China,2,10:00,11:20,CIT 804,
25,CCAH 4004,10,From Revolution to Modernisation: A History of Modern China,5,10:00,11:20,CIT 1005,
26,CCAH 4004,11,From Revolution to Modernisation: A History of Modern China,1,11:30,12:50,CIT 803,
27,CCAH 4004,11,From Revolution to Modernisation: A History of Modern China,4,10:00,11:20,CIT 803,
28,CCAH 4004,12,From Revolution to Modernisation: A History of Modern China,2,14:30,15:50,CIT 804,
29,CCAH 4004,12,From Revolution to Modernisation: A History of Modern China,3,14:30,15:50,CIT 804,
30,CCAH 4005,01,Introduction to Aesthetics,5,10:00,12:50,KEC 1003,
31,CCAH 4007,03,"Politics, Peoples and Cultures: The Making of a Globalising World since 1945",1,11:30,12:50,KEC 701,
32,CCAH 4007,03,"Politics, Peoples and Cultures: The Making of a Globalising World since 1945",3,08:30,09:50,KEC 503,
33,CCAH 4008,04,The Process of Theatre Making,2,13:00,15:50,KEC 1001,
34,CCAH 4008,05,The Process of Theatre Making,4,13:00,15:50,KEC 1001,
35,CCAH 4009,04,Visual Arts in Contexts,2,10:00,12:50,KEC 1003,
36,CCAH 4009,05,Visual Arts in Contexts,5,14:30,17:20,KEC 1003,
37,CCAH 4010,01,From A Barren Rock to Asia's World City: A History of Modern Hong Kong,3,16:00,17:20,KEC 807,
38,CCAH 4010,01,From A Barren Rock to Asia's World City: A History of Modern Hong Kong,4,11:30,12:50,KEC 508,
39,CCBS 3002,01,Elements of Business,5,11:30,14:20,KEC 809,
40,CCBS 3002,02,Elements of Business,2,08:30,11:20,KEC 505,
41,CCBS 3002,03,Elements of Business,2,13:00,15:50,KEC 710,
42,CCBS 3002,04,Elements of Business,4,10:00,12:50,KEC 809,
43,CCBS 4002,01,Corporate and Business Law,3,10:00,12:50,CIT 1007,
44,CCBS 4005,08,Introduction to Financial Accounting,2,14:30,17:20,CIT 802,
45,CCBS 4005,09,Introduction to Financial Accounting,4,10:00,12:50,CIT 802,
46,CCBS 4005,10,Introduction to Financial Accounting,2,08:30,11:20,CIT 802,
47,CCBS 4005,11,Introduction to Financial Accounting,4,14:30,17:20,CIT 802,
48,CCBS 4005,12,Introduction to Financial Accounting,2,11:30,14:20,CIT 802,
49,CCBS 4006,06,Introduction to Financial Management,2,14:30,17:20,CIT 803,
50,CCBS 4006,07,Introduction to Financial Management,4,14:30,17:20,CIT 803,
51,CCBS 4006,08,Introduction to Financial Management,2,10:00,12:50,CIT 803,
52,CCBS 4006,09,Introduction to Financial Management,1,13:00,15:50,CIT 803,
53,CCBS 4006,10,Introduction to Financial Management,4,11:30,14:20,CIT 803,
54,CCBS 4006,11,Introduction to Financial Management,3,11:30,14:20,CIT 803,
55,CCBS 4006,12,Introduction to Financial Management,5,13:00,15:50,CIT 803,
56,CCBS 4007,07,Introduction to Management,3,08:30,11:20,CIT 1006,
57,CCBS 4007,08,Introduction to Management,2,08:30,11:20,CIT 1006,
58,CCBS 4007,09,Introduction to Management,1,08:30,11:20,CIT 1006,
59,CCBS 4007,10,Introduction to Management,2,14:30,17:20,CIT 1006,
60,CCBS 4007,11,Introduction to Management,1,13:00,15:50,CIT 1006,
61,CCBS 4007,12,Introduction to Management,3,11:30,14:20,CIT 1006,
62,CCBS 4007,13,Introduction to Management,5,08:30,11:20,KEC 603,
63,CCBS 4008,10,Introduction to Marketing,1,13:00,15:50,CIT 1005,
64,CCBS 4008,11,Introduction to Marketing,3,13:00,15:50,CIT 802,
65,CCBS 4008,12,Introduction to Marketing,4,14:30,17:20,CIT 1005,
66,CCBS 4008,13,Introduction to Marketing,3,08:30,11:20,CIT 802,
67,CCBS 4008,14,Introduction to Marketing,3,13:00,15:50,CIT 1005,
68,CCBS 4009,07,Microeconomics: Theory and Applications,5,10:00,12:50,CIT 804,
69,CCBS 4009,08,Microeconomics: Theory and Applications,5,14:30,17:20,CIT 806,
70,CCBS 4009,09,Microeconomics: Theory and Applications,3,13:00,15:50,CIT 1007,
71,CCBS 4009,10,Microeconomics: Theory and Applications,1,13:00,15:50,CIT 806,
72,CCBS 4009,11,Microeconomics: Theory and Applications,4,08:30,11:20,CIT 805,
73,CCBS 4009,12,Microeconomics: Theory and Applications,4,14:30,17:20,CIT 805,
74,CCBS 4011,01,Global Business and Trade,5,10:00,12:50,CIT 805,
75,CCBS 4011,02,Global Business and Trade,1,10:00,12:50,CIT 806,
76,CCBS 4014,01,Economics of Public Issues,1,08:30,11:20,CIT 805,
77,CCBS 4015,01,Strategic Brand Management,1,08:30,11:20,CIT 803,
78,CCBS 4015,02,Strategic Brand Management,2,08:30,11:20,CIT 1005,
79,CCBS 4015,03,Strategic Brand Management,4,13:00,15:50,KEC 608,
80,CCBS 4015,04,Strategic Brand Management,5,13:00,15:50,KEC 608,
81,CCBS 4017,01,Principles of Auditing,5,08:30,11:20,CIT 802,
82,CCBS 4017,02,Principles of Auditing,1,08:30,11:20,CIT 804,
83,CCBS 4019,01,Economics and the Society,4,10:00,12:50,KEC 609,
84,CCBS 4019,02,Economics and the Society,5,14:30,17:20,KEC 906,
85,CCBS 4019,03,Economics and the Society,2,11:30,14:20,KEC 907,
86,CCBS 5005,01,Principles of Organizational Behaviour,3,14:30,17:20,CIT 1006,
87,CCBS 5007,01,Investments and Portfolio Management,2,11:30,14:20,CIT 804,
88,CCBS 5007,02,Investments and Portfolio Management,1,13:00,15:50,CIT 804,
89,CCCH 3001,05,Foundations of Chinese Language,5,14:30,17:20,KEC 604,
90,CCCH 3001,06,Foundations of Chinese Language,5,10:00,12:50,KEC 906,
91,CCCH 4002,01,Advanced Chinese for Business and Commerce,5,14:30,17:20,KEC 809,
92,CCCH 4003,27,Advanced Chinese Language,6,10:00,12:50,KEC 505,
93,CCCH 4003,28,Advanced Chinese Language,3,08:30,11:20,KEC 702,
94,CCCH 4003,29,Advanced Chinese Language,1,10:00,12:50,KEC 707,
95,CCCH 4003,30,Advanced Chinese Language,6,10:00,12:50,KEC 706,
96,CCCH 4003,31,Advanced Chinese Language,6,10:00,12:50,KEC 702,
97,CCCH 4003,32,Advanced Chinese Language,2,08:30,11:20,KEC 906,
98,CCCH 4003,33,Advanced Chinese Language,4,10:00,12:50,KEC 503,
99,CCCH 4003,34,Advanced Chinese Language,1,08:30,11:20,KEC 907,
100,CCCH 4003,35,Advanced Chinese Language,4,14:30,17:20,KEC 505,
101,CCCH 4003,36,Advanced Chinese Language,4,10:00,12:50,KEC 907,
102,CCCH 4003,37,Advanced Chinese Language,2,08:30,11:20,KEC 809,
103,CCCH 4003,38,Advanced Chinese Language,5,08:30,11:20,KEC 809,
104,CCCH 4003,39,Advanced Chinese Language,2,11:30,14:20,KEC 809,
105,CCCH 4003,40,Advanced Chinese Language,3,14:30,17:20,KEC 711,
106,CCCH 4003,41,Advanced Chinese Language,6,08:30,11:20,KEC 510,
107,CCCH 4003,42,Advanced Chinese Language,3,14:30,17:20,KEC 505,
108,CCCH 4003,43,Advanced Chinese Language,2,08:30,11:20,KEC 907,
109,CCCH 4003,44,Advanced Chinese Language,1,10:00,12:50,KEC 906,
110,CCCH 4003,45,Advanced Chinese Language,2,11:30,14:20,KEC 906,
111,CCCH 4003,46,Advanced Chinese Language,5,14:30,17:20,CIT 805,
112,CCCH 4003,47,Advanced Chinese Language,5,08:30,11:20,CIT 801,
113,CCCH 4003,48,Advanced Chinese Language,5,10:00,12:50,CIT 806,
114,CCCH 4003,49,Advanced Chinese Language,4,08:30,11:20,CIT 1007,
115,CCCH 4004,02,Advanced Putonghua,1,13:00,15:50,KEC 809,
116,CCCH 4005,02,Classical Chinese Language,4,08:30,11:20,KEC 505,
117,CCCH 4006,02,Grammar and Rhetoric in Modern Chinese Language,4,14:30,17:20,KEC 606,
118,CCCH 4007,02,Introduction to Chinese Literary Criticism,3,14:30,17:20,KEC 907,
119,CCCH 4008,04,Introduction to Chinese Literature,5,14:30,17:20,KEC 907,
120,CCCH 4008,05,Introduction to Chinese Literature,4,13:00,15:50,KEC 808,
121,CCCH 4009,02,Introduction to Modern Chinese Literature,3,10:00,12:50,KEC 906,
122,CCCH 4010,02,Introduction to Translation,1,08:30,09:50,KEC 906,
123,CCCH 4010,02,Introduction to Translation,5,08:30,09:50,KEC 504,
124,CCCH 4011,02,Modern Chinese Language,3,10:00,12:50,KEC 609,
125,CCCH 4012,01,Practical Chinese,1,14:30,17:20,KEC 808,
126,CCCH 4012,02,Practical Chinese,2,10:00,12:50,KEC 808,
127,CCCH 4013,05,Reading and Writing in Chinese,1,13:00,15:50,KEC 505,
128,CCCH 4013,06,Reading and Writing in Chinese,2,14:30,17:20,KEC 707,
129,CCCH 4013,07,Reading and Writing in Chinese,3,13:00,15:50,KEC 906,
130,CCCH 4013,08,Reading and Writing in Chinese,1,14:30,17:20,KEC 711,
131,CCCH 4013,09,Reading and Writing in Chinese,1,08:30,11:20,KEC 809,
132,CCCH 4014,02,Studies of Classical Texts,1,08:30,11:20,KEC 808,
133,CCCU 3002,01,Introduction to Intercultural Communication,4,10:00,12:50,KEC 604,
134,CCCU 3002,02,Introduction to Intercultural Communication,1,08:30,11:20,KEC 705,
135,CCCU 3002,03,Introduction to Intercultural Communication,2,13:00,15:50,KEC 701,
136,CCCU 3002,04,Introduction to Intercultural Communication,3,13:00,15:50,KEC 503,
137,CCCU 3002,05,Introduction to Intercultural Communication,1,13:00,15:50,KEC 503,
138,CCCU 4001,01,Introduction to Film Studies,2,10:00,12:50,KEC 705,
139,CCCU 4001,02,Introduction to Film Studies,3,13:00,15:50,KEC 705,
140,CCCU 4001,03,Introduction to Film Studies,4,14:30,17:20,KEC 705,
141,CCCU 4003,05,Understanding Culture and Everyday Life,3,10:00,12:50,KEC 601,
142,CCCU 4003,06,Understanding Culture and Everyday Life,5,14:30,17:20,KEC 601,
143,CCCU 4003,07,Understanding Culture and Everyday Life,1,11:30,14:20,KEC 508,
144,CCCU 4004,03,Global and Local Cultures,1,08:30,11:20,KEC 503,
145,CCCU 4004,04,Global and Local Cultures,2,14:30,17:20,KEC 806,
146,CCCU 4005,06,Hong Kong and Chinese Societies in Transition,5,14:30,17:20,KEC 806,
147,CCCU 4005,07,Hong Kong and Chinese Societies in Transition,5,08:30,11:20,KEC 907,
148,CCCU 4005,08,Hong Kong and Chinese Societies in Transition,1,08:30,11:20,KEC 701,
149,CCCU 4005,09,Hong Kong and Chinese Societies in Transition,1,08:30,11:20,KEC 806,
150,CCCU 4005,10,Hong Kong and Chinese Societies in Transition,1,14:30,17:20,CIT 1008,
151,CCCU 4005,11,Hong Kong and Chinese Societies in Transition,5,08:30,11:20,CIT 803,
152,CCCU 4006,05,Intercultural Communication and Competence,5,10:00,12:50,KEC 604,
153,CCCU 4006,06,Intercultural Communication and Competence,3,14:30,17:20,KEC 701,
154,CCCU 4006,07,Intercultural Communication and Competence,4,08:30,11:20,KEC 601,
155,CCCU 4006,08,Intercultural Communication and Competence,6,10:00,12:50,KEC 601,
156,CCCU 4006,09,Intercultural Communication and Competence,4,13:00,15:50,KEC 701,
157,CCCU 4006,10,Intercultural Communication and Competence,3,08:30,11:20,KEC 806,
158,CCCU 4006,11,Intercultural Communication and Competence,4,08:30,11:20,KEC 608,
159,CCCU 4006,12,Intercultural Communication and Competence,3,14:30,17:20,KEC 601,
160,CCCU 4006,13,Intercultural Communication and Competence,2,10:00,12:50,KEC 807,
161,CCCU 4006,14,Intercultural Communication and Competence,2,14:30,17:20,KEC 807,
162,CCCU 4007,10,Self-writing and Representation,5,14:30,17:20,KEC 704,
163,CCCU 4007,11,Self-writing and Representation,5,10:00,12:50,KEC 801,
164,CCCU 4007,12,Self-writing and Representation,1,13:00,15:50,KEC 801,
165,CCCU 4007,13,Self-writing and Representation,3,14:30,17:20,KEC 801,
166,CCCU 4007,14,Self-writing and Representation,5,14:30,17:20,KEC 801,
167,CCCU 4007,15,Self-writing and Representation,5,10:00,12:50,KEC 704,
168,CCCU 4007,16,Self-writing and Representation,1,10:00,12:50,KEC 801,
169,CCCU 4007,17,Self-writing and Representation,2,08:30,11:20,KEC 801,
170,CCCU 4008,01,Introduction to Corporate Communications,1,13:00,15:50,KEC 603,
171,CCCU 4009,01,Public Relations Writing,4,08:30,11:20,KEC 508,
172,CCCU 4012,01,Special Issues in Corporate Communications and Management,1,14:30,17:20,KEC 705,
173,CCCU 4012,02,Special Issues in Corporate Communications and Management,3,14:30,17:20,KEC 806,
174,CCCU 4013,04,Introduction to Media and Communications,4,14:30,17:20,KEC 704,
175,CCCU 4015,11,Rethinking Popular Culture,5,10:00,12:50,KEC 705,
176,CCCU 4015,12,Rethinking Popular Culture,4,08:30,11:20,KEC 806,
177,CCCU 4015,13,Rethinking Popular Culture,6,10:00,12:50,KEC 705,
178,CCCU 4015,14,Rethinking Popular Culture,2,08:30,11:20,KEC 604,
179,CCCU 4015,15,Rethinking Popular Culture,6,08:30,11:20,KEC 709,
180,CCCU 4015,16,Rethinking Popular Culture,3,08:30,11:20,KEC 705,
181,CCCU 4015,17,Rethinking Popular Culture,4,13:00,15:50,KEC 806,
182,CCCU 4015,18,Rethinking Popular Culture,4,08:30,11:20,KEC 701,
183,CCCU 4015,19,Rethinking Popular Culture,1,10:00,12:50,KEC 604,
184,CCCU 4015,20,Rethinking Popular Culture,5,10:00,12:50,KEC 503,
185,CCCU 4015,21,Rethinking Popular Culture,3,08:30,11:20,KEC 604,
186,CCCU 4015,22,Rethinking Popular Culture,1,08:30,11:20,CIT 802,
187,CCCU 4015,23,Rethinking Popular Culture,3,14:30,17:20,CIT 803,
188,CCCU 4018,02,Fundamentals of Journalism,4,08:30,11:20,KEC 705,
189,CCCU 4018,03,Fundamentals of Journalism,4,13:00,15:50,KEC 604,
190,CCCU 4019,04,Advertising: Principles and Practice,1,13:00,15:50,KEC 604,
191,CCCU 4019,05,Advertising: Principles and Practice,3,10:00,12:50,KEC 701,
192,CCCU 4021,01,Magazine Industry and Production in Hong Kong (CL01 + CT01),1,08:30,11:20,KEC THEATRE,
193,CCCU 4021,01,Magazine Industry and Production in Hong Kong (CL01 + CT01),3,16:00,17:20,KEC 608,
194,CCCU 4021,02,Magazine Industry and Production in Hong Kong (CL01 + CT02),1,08:30,11:20,KEC THEATRE,
195,CCCU 4021,02,Magazine Industry and Production in Hong Kong (CL01 + CT02),3,14:30,15:50,KEC 608,
196,CCCU 4021,03,Magazine Industry and Production in Hong Kong (CL01 + CT03),1,08:30,11:20,KEC THEATRE,
197,CCCU 4021,03,Magazine Industry and Production in Hong Kong (CL01 + CT03),2,10:00,11:20,KEC 806,
198,CCCU 4021,04,Magazine Industry and Production in Hong Kong (CL01 + CT04),1,08:30,11:20,KEC THEATRE,
199,CCCU 4021,04,Magazine Industry and Production in Hong Kong (CL01 + CT04),2,11:30,12:50,KEC 806,
200,CCCU 4022,01,Creativity and Creative Industries,2,14:30,17:20,KEC 503,
201,CCCU 4022,01,Creativity and Creative Industries,5,14:30,15:50,KEC 701,
202,CCCU 4022,02,Creativity and Creative Industries,2,14:30,17:20,KEC 503,
203,CCCU 4022,02,Creativity and Creative Industries,5,16:00,17:20,KEC 701,
204,CCCU 4022,03,Creativity and Creative Industries,2,14:30,17:20,KEC 503,
205,CCCU 4022,03,Creativity and Creative Industries,4,14:30,15:50,KEC 601,
206,CCCU 4022,04,Creativity and Creative Industries,2,14:30,17:20,KEC 503,
207,CCCU 4022,04,Creativity and Creative Industries,4,16:00,17:20,KEC 601,
208,CCCU 4028,01,Feature Journalism,3,10:00,12:50,KEC 508,
209,CCCU 4029,02,Project: Publishing and Media Practices,1,13:00,15:50,KEC 1003,
210,CCCU 4030,01,News Writing and Translation,2,08:30,11:20,KEC 701,
211,CCCU 4030,02,News Writing and Translation,2,14:30,17:20,KEC 608,
212,CCCU 5001,01,Culture and Translation,3,13:00,15:50,KEC 609,
213,CCCU 5002,01,"Media, Society and Consumer Culture",5,14:30,17:20,KEC 609,
214,CCEN 3003,01,General English II (Group 1),1,13:00,14:20,KEC 711,
215,CCEN 3003,01,General English II (Group 1),3,10:00,11:20,KEC 711,
216,CCEN 3003,02,General English II (Group 1),3,08:30,09:50,KEC 711,
217,CCEN 3003,02,General English II (Group 1),5,14:30,15:50,KEC 702,
218,CCEN 3003,03,General English II (Group 2),1,11:30,12:50,KEC 711,
219,CCEN 3003,03,General English II (Group 2),5,10:00,11:20,KEC 707,
220,CCEN 3003,04,General English II (Group 2),1,08:30,09:50,KEC 710,
221,CCEN 3003,04,General English II (Group 2),2,08:30,09:50,KEC 710,
222,CCEN 3003,05,General English II (Group 2),2,11:30,12:50,KEC 505,
223,CCEN 3003,05,General English II (Group 2),3,16:00,17:20,KEC 707,
224,CCEN 3003,06,General English II (Group 2),2,08:30,09:50,KEC 707,
225,CCEN 3003,06,General English II (Group 2),3,11:30,12:50,KEC 809,
226,CCEN 3003,07,General English II (Group 2),1,08:30,09:50,KEC 707,
227,CCEN 3003,07,General English II (Group 2),3,14:30,15:50,KEC 707,
228,CCEN 3003,08,General English II (Group 2),1,11:30,12:50,KEC 605,
229,CCEN 3003,08,General English II (Group 2),3,10:00,11:20,KEC 809,
230,CCEN 3004,04,College Speaking,1,14:30,15:50,KEC 1002,
231,CCEN 3004,04,College Speaking,2,13:00,14:20,KEC 1002,
232,CCEN 3004,05,College Speaking,1,13:00,14:20,KEC 1002,
233,CCEN 3004,05,College Speaking,2,14:30,15:50,KEC 1002,
234,CCEN 3004,06,College Speaking,2,11:30,12:50,KEC 1002,
235,CCEN 3004,06,College Speaking,4,11:30,12:50,KEC 1002,
236,CCEN 3004,07,College Speaking,1,11:30,12:50,KEC 1002,
237,CCEN 3004,07,College Speaking,5,16:00,17:20,KEC 1002,
238,CCEN 3004,08,College Speaking,2,16:00,17:20,KEC 1002,
239,CCEN 3004,08,College Speaking,5,08:30,09:50,KEC 1002,
240,CCEN 4004,02,English for Academic and Professional Purposes Part I,1,11:30,12:50,KEC 509,
241,CCEN 4004,02,English for Academic and Professional Purposes Part I,3,10:00,11:20,KEC 707,
242,CCEN 4004,03,English for Academic and Professional Purposes Part I,1,08:30,09:50,KEC 606,
243,CCEN 4004,03,English for Academic and Professional Purposes Part I,3,11:30,12:50,KEC 707,
244,CCEN 4004,04,English for Academic and Professional Purposes Part I,2,11:30,12:50,KEC 706,
245,CCEN 4004,04,English for Academic and Professional Purposes Part I,5,10:00,11:20,KEC 606,
246,CCEN 4004,05,English for Academic and Professional Purposes Part I,3,13:00,14:20,KEC 706,
247,CCEN 4004,05,English for Academic and Professional Purposes Part I,5,13:00,14:20,KEC 907,
248,CCEN 4004,06,English for Academic and Professional Purposes Part I,2,11:30,12:50,KEC 702,
249,CCEN 4004,06,English for Academic and Professional Purposes Part I,3,11:30,12:50,KEC 706,
250,CCEN 4004,07,English for Academic and Professional Purposes Part I,1,14:30,15:50,KEC 605,
251,CCEN 4004,07,English for Academic and Professional Purposes Part I,5,11:30,12:50,KEC 907,
252,CCEN 4004,08,English for Academic and Professional Purposes Part I,2,14:30,15:50,KEC 509,
253,CCEN 4004,08,English for Academic and Professional Purposes Part I,4,10:00,11:20,KEC 706,
254,CCEN 4004,09,English for Academic and Professional Purposes Part I,4,14:30,15:50,KEC 703,
255,CCEN 4004,09,English for Academic and Professional Purposes Part I,5,16:00,17:20,KEC 703,
256,CCEN 4004,10,English for Academic and Professional Purposes Part I,1,13:00,14:20,KEC 605,
257,CCEN 4004,10,English for Academic and Professional Purposes Part I,4,13:00,14:20,KEC 703,
258,CCEN 4004,11,English for Academic and Professional Purposes Part I,2,11:30,12:50,KEC 510,
259,CCEN 4004,11,English for Academic and Professional Purposes Part I,4,11:30,12:50,KEC 605,
260,CCEN 4004,12,English for Academic and Professional Purposes Part I,3,13:00,14:20,KEC 606,
261,CCEN 4004,12,English for Academic and Professional Purposes Part I,5,13:00,14:20,KEC 702,
262,CCEN 4004,13,English for Academic and Professional Purposes Part I,1,13:00,14:20,KEC 510,
263,CCEN 4004,13,English for Academic and Professional Purposes Part I,4,14:30,15:50,KEC 702,
264,CCEN 4004,14,English for Academic and Professional Purposes Part I,2,13:00,14:20,KEC 510,
265,CCEN 4004,14,English for Academic and Professional Purposes Part I,4,11:30,12:50,KEC 509,
266,CCEN 4004,15,English for Academic and Professional Purposes Part I,1,11:30,12:50,KEC 808,
267,CCEN 4004,15,English for Academic and Professional Purposes Part I,4,08:30,09:50,KEC 510,
268,CCEN 4004,16,English for Academic and Professional Purposes Part I,1,13:00,14:20,KEC 808,
269,CCEN 4004,16,English for Academic and Professional Purposes Part I,4,11:30,12:50,KEC 702,
270,CCEN 4004,17,English for Academic and Professional Purposes Part I,3,13:00,14:20,KEC 508,
271,CCEN 4004,17,English for Academic and Professional Purposes Part I,5,13:00,14:20,KEC 602,
272,CCEN 4004,18,English for Academic and Professional Purposes Part I,2,08:30,09:50,KEC 509,
273,CCEN 4004,18,English for Academic and Professional Purposes Part I,4,13:00,14:20,KEC 907,
274,CCEN 4004,19,English for Academic and Professional Purposes Part I,4,08:30,09:50,KEC 805,
275,CCEN 4004,19,English for Academic and Professional Purposes Part I,5,11:30,12:50,KEC 606,
276,CCEN 4004,20,English for Academic and Professional Purposes Part I,1,14:30,15:50,KEC 703,
277,CCEN 4004,20,English for Academic and Professional Purposes Part I,2,10:00,11:20,KEC 703,
278,CCEN 4004,21,English for Academic and Professional Purposes Part I,2,11:30,12:50,KEC 703,
279,CCEN 4004,21,English for Academic and Professional Purposes Part I,5,13:00,14:20,KEC 606,
280,CCEN 4004,22,English for Academic and Professional Purposes Part I,1,10:00,11:20,KEC 703,
281,CCEN 4004,22,English for Academic and Professional Purposes Part I,5,08:30,09:50,KEC 602,
282,CCEN 4004,23,English for Academic and Professional Purposes Part I,1,11:30,12:50,KEC 703,
283,CCEN 4004,23,English for Academic and Professional Purposes Part I,4,11:30,12:50,KEC 706,
284,CCEN 4004,24,English for Academic and Professional Purposes Part I,2,11:30,12:50,KEC 707,
285,CCEN 4004,24,English for Academic and Professional Purposes Part I,4,11:30,12:50,KEC 703,
286,CCEN 4004,25,English for Academic and Professional Purposes Part I,2,10:00,11:20,KEC 707,
287,CCEN 4004,25,English for Academic and Professional Purposes Part I,3,14:30,15:50,KEC 805,
288,CCEN 4004,26,English for Academic and Professional Purposes Part I,1,14:30,15:50,KEC 702,
289,CCEN 4004,26,English for Academic and Professional Purposes Part I,4,08:30,09:50,KEC 605,
290,CCEN 4004,27,English for Academic and Professional Purposes Part I,1,11:30,12:50,KEC 602,
291,CCEN 4004,27,English for Academic and Professional Purposes Part I,5,16:00,17:20,KEC 605,
292,CCEN 4004,28,English for Academic and Professional Purposes Part I,2,10:00,11:20,KEC 702,
293,CCEN 4004,28,English for Academic and Professional Purposes Part I,4,16:00,17:20,KEC 602,
294,CCEN 4004,29,English for Academic and Professional Purposes Part I,1,08:30,09:50,KEC 504,
295,CCEN 4004,29,English for Academic and Professional Purposes Part I,3,11:30,12:50,KEC 504,
296,CCEN 4004,30,English for Academic and Professional Purposes Part I,2,11:30,12:50,KEC 606,
297,CCEN 4004,30,English for Academic and Professional Purposes Part I,4,14:30,15:50,KEC 605,
298,CCEN 4004,31,English for Academic and Professional Purposes Part I,1,14:30,15:50,KEC 504,
299,CCEN 4004,31,English for Academic and Professional Purposes Part I,4,11:30,12:50,KEC 506,
300,CCEN 4004,32,English for Academic and Professional Purposes Part I,4,16:00,17:20,KEC 605,
301,CCEN 4004,32,English for Academic and Professional Purposes Part I,5,16:00,17:20,KEC 702,
302,CCEN 4004,33,English for Academic and Professional Purposes Part I,1,11:30,12:50,KEC 805,
303,CCEN 4004,33,English for Academic and Professional Purposes Part I,4,08:30,09:50,KEC 602,
304,CCEN 4004,34,English for Academic and Professional Purposes Part I,4,14:30,15:50,KEC 710,
305,CCEN 4004,34,English for Academic and Professional Purposes Part I,5,16:00,17:20,KEC 505,
306,CCEN 4004,35,English for Academic and Professional Purposes Part I,3,10:00,11:20,KEC 710,
307,CCEN 4004,35,English for Academic and Professional Purposes Part I,4,13:00,14:20,KEC 710,
308,CCEN 4004,36,English for Academic and Professional Purposes Part I,3,11:30,12:50,KEC 710,
309,CCEN 4004,36,English for Academic and Professional Purposes Part I,5,13:00,14:20,KEC 510,
310,CCEN 4004,37,English for Academic and Professional Purposes Part I,3,14:30,15:50,KEC 501,
311,CCEN 4004,37,English for Academic and Professional Purposes Part I,5,10:00,11:20,KEC 605,
312,CCEN 4004,38,English for Academic and Professional Purposes Part I,2,11:30,12:50,KEC 506,
313,CCEN 4004,38,English for Academic and Professional Purposes Part I,3,11:30,12:50,KEC 703,
314,CCEN 4004,39,English for Academic and Professional Purposes Part I,1,11:30,12:50,KEC 710,
315,CCEN 4004,39,English for Academic and Professional Purposes Part I,3,08:30,09:50,KEC 605,
316,CCEN 4004,40,English for Academic and Professional Purposes Part I,1,16:00,17:20,KEC 606,
317,CCEN 4004,40,English for Academic and Professional Purposes Part I,2,14:30,15:50,KEC 510,
318,CCEN 4004,41,English for Academic and Professional Purposes Part I,1,14:30,15:50,KEC 606,
319,CCEN 4004,41,English for Academic and Professional Purposes Part I,2,16:00,17:20,KEC 510,
320,CCEN 4004,42,English for Academic and Professional Purposes Part I,1,10:00,11:20,KEC 710,
321,CCEN 4004,42,English for Academic and Professional Purposes Part I,2,08:30,09:50,KEC 504,
322,CCEN 4004,43,English for Academic and Professional Purposes Part I,1,11:30,12:50,KEC 702,
323,CCEN 4004,43,English for Academic and Professional Purposes Part I,3,10:00,11:20,KEC 703,
324,CCEN 4004,44,English for Academic and Professional Purposes Part I,3,14:30,15:50,KEC 605,
325,CCEN 4004,44,English for Academic and Professional Purposes Part I,4,14:30,15:50,KEC 809,
326,CCEN 4004,45,English for Academic and Professional Purposes Part I,1,16:00,17:20,KEC 602,
327,CCEN 4004,45,English for Academic and Professional Purposes Part I,5,10:00,11:20,KEC 504,
328,CCEN 4004,46,English for Academic and Professional Purposes Part I,1,10:00,11:20,KEC 702,
329,CCEN 4004,46,English for Academic and Professional Purposes Part I,4,13:00,14:20,KEC 809,
330,CCEN 4004,47,English for Academic and Professional Purposes Part I,3,08:30,09:50,KEC 602,
331,CCEN 4004,47,English for Academic and Professional Purposes Part I,4,08:30,09:50,KEC 703,
332,CCEN 4004,48,English for Academic and Professional Purposes Part I,2,08:30,09:50,KEC 501,
333,CCEN 4004,48,English for Academic and Professional Purposes Part I,3,13:00,14:20,KEC 509,
334,CCEN 4004,49,English for Academic and Professional Purposes Part I,2,11:30,12:50,KEC 805,
335,CCEN 4004,49,English for Academic and Professional Purposes Part I,4,10:00,11:20,KEC 703,
336,CCEN 4004,50,English for Academic and Professional Purposes Part I,1,08:30,09:50,KEC 501,
337,CCEN 4004,50,English for Academic and Professional Purposes Part I,3,13:00,14:20,KEC 702,
338,CCEN 4004,51,English for Academic and Professional Purposes Part I,2,10:00,11:20,KEC 606,
339,CCEN 4004,51,English for Academic and Professional Purposes Part I,3,11:30,12:50,KEC 702,
340,CCEN 4004,52,English for Academic and Professional Purposes Part I,5,10:00,12:50,KEC 510,
341,CCEN 4004,53,English for Academic and Professional Purposes Part I,1,13:00,14:20,CIT 1007,
342,CCEN 4004,53,English for Academic and Professional Purposes Part I,4,14:30,15:50,CIT 1007,
343,CCEN 4004,54,English for Academic and Professional Purposes Part I,1,08:30,09:50,CIT 801,
344,CCEN 4004,54,English for Academic and Professional Purposes Part I,5,10:00,11:20,CIT 1008,
345,CCEN 4004,55,English for Academic and Professional Purposes Part I,1,14:30,15:50,CIT 1007,
346,CCEN 4004,55,English for Academic and Professional Purposes Part I,4,11:30,12:50,CIT 1007,
347,CCEN 4004,56,English for Academic and Professional Purposes Part I,3,13:00,14:20,CIT 806,
348,CCEN 4004,56,English for Academic and Professional Purposes Part I,5,08:30,09:50,CIT 1008,
349,CCEN 4004,57,English for Academic and Professional Purposes Part I,1,10:00,11:20,CIT 801,
350,CCEN 4004,57,English for Academic and Professional Purposes Part I,5,13:00,14:20,CIT 1008,
351,CCEN 4004,58,English for Academic and Professional Purposes Part I,2,08:30,09:50,CIT 1008,
352,CCEN 4004,58,English for Academic and Professional Purposes Part I,3,11:30,12:50,CIT 806,
353,CCEN 4004,59,English for Academic and Professional Purposes Part I,2,13:00,14:20,CIT 806,
354,CCEN 4004,59,English for Academic and Professional Purposes Part I,4,11:30,12:50,CIT 805,
355,CCEN 4004,60,English for Academic and Professional Purposes Part I,1,13:00,14:20,CIT 1008,
356,CCEN 4004,60,English for Academic and Professional Purposes Part I,2,11:30,12:50,CIT 806,
357,CCEN 4004,61,English for Academic and Professional Purposes Part I,1,08:30,09:50,CIT 806,
358,CCEN 4004,61,English for Academic and Professional Purposes Part I,3,11:30,12:50,CIT 805,
359,CCEN 4004,62,English for Academic and Professional Purposes Part I,2,14:30,15:50,CIT 806,
360,CCEN 4004,62,English for Academic and Professional Purposes Part I,5,14:30,15:50,CIT 1008,
361,CCEN 4004,63,English for Academic and Professional Purposes Part I,2,16:00,17:20,CIT 801,
362,CCEN 4004,63,English for Academic and Professional Purposes Part I,5,11:30,12:50,CIT 1008,
363,CCEN 4004,64,English for Academic and Professional Purposes Part I,2,11:30,12:50,CIT 805,
364,CCEN 4004,64,English for Academic and Professional Purposes Part I,5,14:30,15:50,CIT 801,
365,CCEN 4004,65,English for Academic and Professional Purposes Part I,2,10:00,11:20,CIT 805,
366,CCEN 4004,65,English for Academic and Professional Purposes Part I,5,16:00,17:20,CIT 801,
367,CCEN 4004,66,English for Academic and Professional Purposes Part I,4,10:00,11:20,CIT 806,
368,CCEN 4004,66,English for Academic and Professional Purposes Part I,5,08:30,09:50,CIT 805,
369,CCEN 4004,67,English for Academic and Professional Purposes Part I,2,14:30,15:50,CIT 801,
370,CCEN 4004,67,English for Academic and Professional Purposes Part I,4,11:30,12:50,CIT 806,
371,CCEN 4005,27,English for Academic and Professional Purposes Part II,4,16:00,17:20,KEC 702,
372,CCEN 4005,27,English for Academic and Professional Purposes Part II,6,08:30,09:50,KEC 805,
373,CCEN 4005,28,English for Academic and Professional Purposes Part II,2,08:30,09:50,KEC 711,
374,CCEN 4005,28,English for Academic and Professional Purposes Part II,3,16:00,17:20,KEC 501,
375,CCEN 4005,29,English for Academic and Professional Purposes Part II,1,08:30,09:50,KEC 703,
376,CCEN 4005,29,English for Academic and Professional Purposes Part II,6,11:30,12:50,KEC 808,
377,CCEN 4005,30,English for Academic and Professional Purposes Part II,1,11:30,12:50,KEC 510,
378,CCEN 4005,30,English for Academic and Professional Purposes Part II,2,10:00,11:20,KEC 711,
379,CCEN 4005,31,English for Academic and Professional Purposes Part II,1,08:30,09:50,KEC 702,
380,CCEN 4005,31,English for Academic and Professional Purposes Part II,4,13:00,14:20,KEC 702,
381,CCEN 4005,32,English for Academic and Professional Purposes Part II,1,16:00,17:20,KEC 805,
382,CCEN 4005,32,English for Academic and Professional Purposes Part II,2,16:00,17:20,KEC 602,
383,CCEN 4005,33,English for Academic and Professional Purposes Part II,3,14:30,15:50,KEC 702,
384,CCEN 4005,33,English for Academic and Professional Purposes Part II,6,08:30,09:50,KEC 506,
385,CCEN 4005,34,English for Academic and Professional Purposes Part II,4,16:00,17:20,KEC 506,
386,CCEN 4005,34,English for Academic and Professional Purposes Part II,6,11:30,12:50,KEC 805,
387,CCEN 4005,35,English for Academic and Professional Purposes Part II,3,14:30,15:50,KEC 606,
388,CCEN 4005,35,English for Academic and Professional Purposes Part II,5,16:00,17:20,KEC 710,
389,CCEN 4005,36,English for Academic and Professional Purposes Part II,1,14:30,15:50,KEC 710,
390,CCEN 4005,36,English for Academic and Professional Purposes Part II,5,14:30,15:50,KEC 710,
391,CCEN 4005,37,English for Academic and Professional Purposes Part II,3,16:00,17:20,KEC 606,
392,CCEN 4005,37,English for Academic and Professional Purposes Part II,4,16:00,17:20,KEC 805,
393,CCEN 4005,38,English for Academic and Professional Purposes Part II,2,14:30,17:20,KEC 501,
394,CCEN 4006,01,Introduction to Comparative Literature,2,14:30,17:20,KEC 709,
395,CCEN 4008,01,Introduction to Linguistics,4,14:30,17:20,KEC 401,
396,CCEN 4008,02,Introduction to Linguistics,1,10:00,12:50,KEC 401,
397,CCEN 4008,03,Introduction to Linguistics,2,14:30,17:20,KEC 401,
398,CCEN 4008,04,Introduction to Linguistics,5,14:30,17:20,KEC 401,
399,CCEN 4009,01,Introductory Stylistics,3,14:30,15:50,KEC 706,
400,CCEN 4009,01,Introductory Stylistics,4,13:00,14:20,KEC 606,
401,CCEN 4009,02,Introductory Stylistics,2,13:00,14:20,KEC 805,
402,CCEN 4009,02,Introductory Stylistics,3,08:30,09:50,KEC 906,
403,CCEN 4011,01,English for Business,1,10:00,11:20,KEC 706,
404,CCEN 4011,01,English for Business,2,14:30,15:50,KEC 606,
405,CCEN 4011,02,English for Business,2,08:30,09:50,KEC 703,
406,CCEN 4011,02,English for Business,4,11:30,12:50,KEC 808,
407,CCEN 4011,03,English for Business,1,08:30,09:50,KEC 706,
408,CCEN 4011,03,English for Business,4,10:00,11:20,KEC 808,
409,CCEN 4011,04,English for Business,1,13:00,14:20,CIT 801,
410,CCEN 4011,04,English for Business,5,08:30,09:50,CIT 806,
411,CCEN 4011,05,English for Business,1,11:30,12:50,CIT 801,
412,CCEN 4011,05,English for Business,4,13:00,14:20,CIT 806,
413,CCEN 4011,06,English for Business,3,08:30,09:50,CIT 805,
414,CCEN 4011,06,English for Business,5,13:00,14:20,CIT 801,
415,CCEN 4011,07,English for Business,3,10:00,11:20,CIT 805,
416,CCEN 4011,07,English for Business,5,11:30,12:50,CIT 801,
417,CCEN 4011,08,English for Business,1,11:30,12:50,CIT 1008,
418,CCEN 4011,08,English for Business,4,13:00,14:20,CIT 805,
419,CCEN 4011,09,English for Business,2,08:30,09:50,CIT 801,
420,CCEN 4011,09,English for Business,3,13:00,14:20,CIT 805,
421,CCEN 4012,01,English for Arts and Humanities,2,14:30,15:50,KEC 605,
422,CCEN 4012,01,English for Arts and Humanities,4,13:00,14:20,KEC 711,
423,CCEN 4012,02,English for Arts and Humanities,1,13:00,14:20,KEC 504,
424,CCEN 4012,02,English for Arts and Humanities,5,08:30,09:50,KEC 510,
425,CCEN 4012,03,English for Arts and Humanities,2,08:30,09:50,KEC 702,
426,CCEN 4012,03,English for Arts and Humanities,3,13:00,14:20,KEC 808,
427,CCEN 4012,04,English for Arts and Humanities,3,11:30,12:50,KEC 808,
428,CCEN 4012,04,English for Arts and Humanities,4,08:30,09:50,KEC 707,
429,CCEN 4012,05,English for Arts and Humanities,2,13:00,14:20,KEC 605,
430,CCEN 4012,05,English for Arts and Humanities,3,08:30,09:50,KEC 606,
431,CCEN 4012,06,English for Arts and Humanities,4,11:30,12:50,KEC 711,
432,CCEN 4012,06,English for Arts and Humanities,5,13:00,14:20,KEC 707,
433,CCEN 4012,07,English for Arts and Humanities,3,13:00,14:20,KEC 505,
434,CCEN 4012,07,English for Arts and Humanities,5,08:30,09:50,KEC 706,
435,CCEN 4012,08,English for Arts and Humanities,1,13:00,14:20,KEC 907,
436,CCEN 4012,08,English for Arts and Humanities,2,08:30,09:50,KEC 606,
437,CCEN 4012,09,English for Arts and Humanities,2,11:30,12:50,KEC 711,
438,CCEN 4012,09,English for Arts and Humanities,3,11:30,12:50,KEC 505,
439,CCEN 4012,10,English for Arts and Humanities,2,13:00,14:20,KEC 711,
440,CCEN 4012,10,English for Arts and Humanities,5,10:00,11:20,KEC 706,
441,CCEN 4012,11,English for Arts and Humanities,1,11:30,12:50,KEC 907,
442,CCEN 4012,11,English for Arts and Humanities,5,13:00,14:20,KEC 706,
443,CCEN 4012,12,English for Arts and Humanities,3,10:00,11:20,KEC 907,
444,CCEN 4012,12,English for Arts and Humanities,5,08:30,09:50,KEC 702,
445,CCEN 4012,13,English for Arts and Humanities,3,13:00,14:20,KEC 710,
446,CCEN 4012,13,English for Arts and Humanities,4,13:00,14:20,KEC 505,
447,CCEN 4012,14,English for Arts and Humanities,4,08:30,09:50,KEC 706,
448,CCEN 4012,14,English for Arts and Humanities,5,10:00,11:20,KEC 702,
449,CCEN 4012,15,English for Arts and Humanities,3,14:30,15:50,KEC 710,
450,CCEN 4012,15,English for Arts and Humanities,4,11:30,12:50,KEC 505,
451,CCEN 4013,08,English for Science and Technology,2,08:30,09:50,KEC 605,
452,CCEN 4013,08,English for Science and Technology,3,16:00,17:20,KEC 808,
453,CCEN 4013,09,English for Science and Technology,5,08:30,09:50,KEC 606,
454,CCEN 4013,09,English for Science and Technology,6,11:30,12:50,KEC 510,
455,CCEN 4013,10,English for Science and Technology,3,14:30,15:50,KEC 808,
456,CCEN 4013,10,English for Science and Technology,6,08:30,09:50,KEC 808,
457,CCEN 4015,04,English for Healthcare Professionals,2,11:30,12:50,KEC 710,
458,CCEN 4015,04,English for Healthcare Professionals,5,13:00,14:20,KEC 703,
459,CCEN 4015,05,English for Healthcare Professionals,2,10:00,11:20,KEC 710,
460,CCEN 4015,05,English for Healthcare Professionals,3,08:30,09:50,KEC 706,
461,CCEN 4015,06,English for Healthcare Professionals,3,10:00,11:20,KEC 706,
462,CCEN 4015,06,English for Healthcare Professionals,4,08:30,09:50,KEC 606,
463,CCEN 4015,07,English for Healthcare Professionals,3,13:00,14:20,KEC 707,
464,CCEN 4015,07,English for Healthcare Professionals,5,14:30,15:50,KEC 703,
465,CCEN 4016,01,Introduction to Applied Linguistics,4,10:00,12:50,KEC 707,
466,CCFN 4004,01,Insurance,4,13:00,15:50,KEC 602,
467,CCIT 4009,14,Introduction to Multimedia,3,14:30,17:20,KEC 908,
468,CCIT 4009,15,Introduction to Multimedia,6,08:30,11:20,KEC 910,
469,CCIT 4009,16,Introduction to Multimedia,4,13:00,15:50,KEC 902,
470,CCIT 4009,17,Introduction to Multimedia,4,08:30,11:20,KEC 901,
471,CCIT 4009,18,Introduction to Multimedia,2,14:30,17:20,KEC 909,
472,CCIT 4009,19,Introduction to Multimedia,3,14:30,17:20,KEC 902,
473,CCIT 4009,20,Introduction to Multimedia,1,08:30,11:20,KEC 902,
474,CCIT 4009,21,Introduction to Multimedia,4,10:00,12:50,KEC 908,
475,CCIT 4009,22,Introduction to Multimedia,5,10:00,12:50,KEC 908,
476,CCIT 4009,23,Introduction to Multimedia,1,14:30,17:20,KEC 910,
477,CCIT 4009,24,Introduction to Multimedia,6,08:30,11:20,KEC 901,
478,CCIT 4015,01,Management Information Systems,4,10:00,12:50,KEC 902,
479,CCIT 4016,01,Introduction to Data Structures and Algorithms,1,08:30,11:20,KEC 901,
480,CCIT 4016,02,Introduction to Data Structures and Algorithms,2,08:30,11:20,KEC 901,
481,CCIT 4016,03,Introduction to Data Structures and Algorithms,2,13:00,15:50,KEC 901,
482,CCIT 4021,01,Mathematics for Computing,5,10:00,12:50,KEC 703,
483,CCIT 4021,02,Mathematics for Computing,5,14:30,17:20,KEC 706,
484,CCIT 4021,03,Mathematics for Computing,1,13:00,15:50,KEC 706,
485,CCIT 4026,01,Introduction to Computer Organization,5,08:30,11:20,KEC 902,
486,CCIT 4026,02,Introduction to Computer Organization,1,14:30,17:20,KEC 901,
487,CCIT 4029,01,Electromagnetic Theory and Applications,3,11:30,14:20,KEC 711,
488,CCIT 4032,01,Media Production Workshop,3,08:30,11:20,KEC 909,
489,CCIT 4032,02,Media Production Workshop,3,14:30,17:20,KEC 909,
490,CCIT 4054,01,Introduction to Electrical and Electronic Engineering,2,11:30,12:50,KEC 901,
491,CCIT 4054,01,Introduction to Electrical and Electronic Engineering,4,14:30,15:50,KEC 901,
492,CCIT 4054,02,Introduction to Electrical and Electronic Engineering,4,11:30,12:50,KEC 901,
493,CCIT 4054,02,Introduction to Electrical and Electronic Engineering,5,13:00,14:20,KEC 901,
494,CCIT 4054,03,Introduction to Electrical and Electronic Engineering,1,11:30,12:50,KEC 901,
495,CCIT 4054,03,Introduction to Electrical and Electronic Engineering,4,16:00,17:20,KEC 901,
496,CCIT 4057,04,Information Management,1,08:30,11:20,CIT 1002,
497,CCIT 4057,05,Information Management,2,13:00,15:50,CIT 1002,
498,CCIT 4057,06,Information Management,1,13:00,15:50,CIT 1002,
499,CCIT 4058,01,Internet Programming,5,10:00,12:50,KEC 901,
500,CCIT 4059,01,Mobile Application Development,2,13:00,15:50,KEC 902,
501,CCIT 4064,01,Microcontrollers,2,14:30,17:20,KEC 910,
502,CCIT 4064,02,Microcontrollers,2,08:30,11:20,KEC 910,
503,CCIT 4073,03,Information Technology and Applications,2,14:30,17:20,KEC 908,
504,CCIT 4073,04,Information Technology and Applications,3,13:00,15:50,KEC 901,
505,CCIT 4073,05,Information Technology and Applications,2,08:30,11:20,KEC 902,
506,CCJK 4001,01,Introduction to Japanese Studies,4,13:00,15:50,KEC 501,
507,CCJK 4001,01,Introduction to Japanese Studies,5,11:30,12:50,KEC 807,
508,CCJK 4001,02,Introduction to Japanese Studies,5,11:30,15:50,KEC 807,
509,CCJK 4001,02,Introduction to Japanese Studies,5,14:30,17:20,KEC 602,
510,CCJK 4003,01,Japanese II,1,10:00,12:50,KEC 501,
511,CCJK 4003,01,Japanese II,3,10:00,12:50,KEC 602,
512,CCJK 4003,01,Japanese II,5,10:00,12:50,KEC 602,
513,CCJK 4006,01,Introduction to Korean,2,10:00,12:50,KEC 501,
514,CCJK 4006,01,Introduction to Korean,4,10:00,11:20,KEC 602,
515,CCJK 4007,01,Contemporary Korean Society,5,10:00,12:50,KEC 501,
516,CCJK 4009,01,Korean II,1,14:30,17:20,KEC 501,
517,CCJK 4009,01,Korean II,3,10:00,12:50,KEC 501,
518,CCJK 4009,01,Korean II,4,10:00,12:50,KEC 501,
519,CCJK 4011,01,Contemporary Japanese Society,5,14:30,17:20,KEC 501,
520,CCLW 4002,01,Obligations I,5,10:00,12:50,KEC 806,
521,CCLW 4003,01,The Hong Kong Basic Law,4,14:30,17:20,KEC 807,
522,CCLW 4004,01,Business Associations and Commercial Practice,1,14:30,17:20,KEC 806,
523,CCLW 4006,01,Hong Kong Land Law and Conveyancing,1,10:00,12:50,KEC 807,
524,CCMA 3002,01,General Mathematics,5,14:30,17:20,KEC 707,
525,CCMA 3002,02,General Mathematics,3,13:00,15:50,KEC 703,
526,CCMA 3002,03,General Mathematics,1,13:00,15:50,KEC 707,
527,CCMA 3002,04,General Mathematics,2,13:00,15:50,KEC 504,
528,CCMA 3002,05,General Mathematics,2,08:30,11:20,KEC 706,
529,CCMA 3002,06,General Mathematics,4,10:00,12:50,KEC 710,
530,CCMA 4001,17,Quantitative Analysis I,2,13:00,15:50,KEC 706,
531,CCMA 4001,18,Quantitative Analysis I,3,08:30,11:20,KEC 505,
532,CCMA 4001,19,Quantitative Analysis I,5,10:00,12:50,KEC 808,
533,CCMA 4001,20,Quantitative Analysis I,5,10:00,12:50,KEC 505,
534,CCMA 4001,21,Quantitative Analysis I,2,13:00,15:50,KEC 703,
535,CCMA 4001,22,Quantitative Analysis I,4,13:00,15:50,KEC 707,
536,CCMA 4001,23,Quantitative Analysis I,1,08:30,11:20,KEC 505,
537,CCMA 4001,24,Quantitative Analysis I,1,08:30,11:20,KEC 711,
538,CCMA 4001,25,Quantitative Analysis I,3,13:00,15:50,KEC 809,
539,CCMA 4001,26,Quantitative Analysis I,5,13:00,15:50,KEC 505,
540,CCMA 4001,27,Quantitative Analysis I,4,08:30,11:20,KEC 711,
541,CCMA 4001,28,Quantitative Analysis I,4,13:00,15:50,KEC 706,
542,CCMA 4001,29,Quantitative Analysis I,2,13:00,15:50,KEC 702,
543,CCMA 4001,30,Quantitative Analysis I,5,14:30,17:20,KEC 711,
544,CCMA 4001,31,Quantitative Analysis I,5,10:00,12:50,KEC 711,
545,CCMA 4003,01,College Mathematics II,3,08:30,11:20,KEC 504,
546,CCMA 4003,02,College Mathematics II,3,13:00,15:50,KEC 602,
547,CCMA 4004,06,Mathematics for Business,4,10:00,12:50,CIT 1008,
548,CCMA 4004,07,Mathematics for Business,2,13:00,15:50,CIT 1008,
549,CCMA 4004,08,Mathematics for Business,4,14:30,17:20,CIT 1008,
550,CCMA 4004,09,Mathematics for Business,3,08:30,11:20,CIT 806,
551,CCMA 4004,10,Mathematics for Business,4,08:30,11:20,CIT 801,
552,CCMA 4004,11,Mathematics for Business,1,08:30,11:20,CIT 1008,
553,CCMA 4004,12,Mathematics for Business,4,13:00,15:50,CIT 801,
554,CCMA 4006,01,Mathematics with Applications,5,08:30,11:20,KEC 701,
555,CCMA 4007,01,Quantitative Analysis II,4,08:30,11:20,KEC 702,
556,CCMA 4008,01,Mathematics and Statistics for Daily Life Applications,2,08:30,11:20,KEC 508,
557,CCMA 4008,02,Mathematics and Statistics for Daily Life Applications,5,14:30,17:20,KEC 606,
558,CCMA 4009,04,Statistics for Business,2,13:00,15:50,CIT 1007,
559,CCMA 4009,05,Statistics for Business,2,08:30,11:20,CIT 1007,
560,CCMA 4009,06,Statistics for Business,3,08:30,11:20,CIT 801,
561,CCPA 4002,01,Introduction to Chinese Music,3,10:00,12:50,KEC 502,
562,CCPA 4004,01,Music in Western Civilization 1 (Ancient Greece to Early Baroque),2,10:00,12:50,KEC 1001,
563,CCPA 4005,01,Fundamentals of Tonal Music II,5,10:00,12:50,KEC 1001,
564,CCPH 4001,02,Introduction to Philosophy,4,14:30,17:20,KEC 603,
565,CCPH 4002,05,Applied Ethics,1,13:00,15:50,KEC 704,
566,CCPH 4002,06,Applied Ethics,3,08:30,11:20,KEC 801,
567,CCPH 4002,07,Applied Ethics,3,14:30,17:20,KEC 704,
568,CCPH 4002,08,Applied Ethics,4,11:30,14:20,KEC 704,
569,CCPH 4002,09,Applied Ethics,5,08:30,11:20,CIT 1006,
570,CCPH 4003,05,Elements of Logic and Critical Thinking,2,13:00,15:50,KEC 704,
571,CCPH 4003,06,Elements of Logic and Critical Thinking,6,08:30,11:20,KEC 704,
572,CCPH 4003,07,Elements of Logic and Critical Thinking,3,11:30,14:20,KEC 704,
573,CCPH 4003,08,Elements of Logic and Critical Thinking,5,14:30,17:20,CIT 1006,
574,CCPH 4004,03,Ideas that Shaped the Modern World,3,14:30,17:20,KEC 502,
575,CCPH 4004,04,Ideas that Shaped the Modern World,3,08:30,11:20,KEC 603,
576,CCSA 8002,02,Seminar Series,4,14:30,17:20,KEC THEATRE,
577,CCSS 3002,03,Multiple Intelligences and Competencies,4,10:00,12:50,KEC 805,
578,CCSS 3002,04,Multiple Intelligences and Competencies,2,08:30,11:20,KEC 805,
579,CCSS 3002,05,Multiple Intelligences and Competencies,1,08:30,11:20,KEC 602,
580,CCSS 4001,04,Applied Psychology,3,14:30,17:20,KEC 510,
581,CCSS 4001,05,Applied Psychology,3,10:00,12:50,KEC 606,
582,CCSS 4004,06,Intra- and Interpersonal Competencies,3,11:30,14:20,KEC 709,
583,CCSS 4004,07,Intra- and Interpersonal Competencies,1,13:00,15:50,KEC 608,
584,CCSS 4004,08,Intra- and Interpersonal Competencies,5,10:00,12:50,KEC 508,
585,CCSS 4004,09,Intra- and Interpersonal Competencies,2,10:00,12:50,KEC 601,
586,CCSS 4004,10,Intra- and Interpersonal Competencies,1,08:30,11:20,KEC 709,
587,CCSS 4004,11,Intra- and Interpersonal Competencies,1,13:00,15:50,KEC 601,
588,CCSS 4004,12,Intra- and Interpersonal Competencies,5,14:30,17:20,KEC 807,
589,CCSS 4004,13,Intra- and Interpersonal Competencies,2,08:30,11:20,KEC 608,
590,CCSS 4004,14,Intra- and Interpersonal Competencies,3,14:30,17:20,KEC 709,
591,CCSS 4004,15,Intra- and Interpersonal Competencies,3,10:00,12:50,KEC 608,
592,CCSS 4004,16,Intra- and Interpersonal Competencies,4,13:00,15:50,KEC 609,
593,CCSS 4004,17,Intra- and Interpersonal Competencies,5,14:30,17:20,KEC 709,
594,CCSS 4004,18,Intra- and Interpersonal Competencies,5,10:00,12:50,KEC 709,
595,CCSS 4004,19,Intra- and Interpersonal Competencies,4,08:30,11:20,KEC 709,
596,CCSS 4004,20,Intra- and Interpersonal Competencies,2,14:30,17:20,KEC 502,
597,CCSS 4004,21,Intra- and Interpersonal Competencies,1,14:30,17:20,KEC 701,
598,CCSS 4005,25,Understanding Social Problems in Hong Kong (CL03 + CT13),2,08:30,11:20,KEC THEATRE,
599,CCSS 4005,25,Understanding Social Problems in Hong Kong (CL03 + CT13),2,10:00,17:20,KEC THEATRE,
600,CCSS 4005,26,Understanding Social Problems in Hong Kong (CL03 + CT14),2,08:30,11:20,KEC THEATRE,
601,CCSS 4005,26,Understanding Social Problems in Hong Kong (CL03 + CT14),2,10:00,15:50,KEC THEATRE,
602,CCSS 4005,27,Understanding Social Problems in Hong Kong (CL03 + CT15),1,14:30,15:50,KEC 510,
603,CCSS 4005,27,Understanding Social Problems in Hong Kong (CL03 + CT15),2,08:30,11:20,KEC THEATRE,
604,CCSS 4005,28,Understanding Social Problems in Hong Kong (CL03 + CT16),1,16:00,17:20,KEC 510,
605,CCSS 4005,28,Understanding Social Problems in Hong Kong (CL03 + CT16),2,08:30,11:20,KEC THEATRE,
606,CCSS 4005,29,Understanding Social Problems in Hong Kong (CL03 + CT17),2,08:30,11:20,KEC THEATRE,
607,CCSS 4005,29,Understanding Social Problems in Hong Kong (CL03 + CT17),3,10:00,11:20,KEC 605,
608,CCSS 4005,30,Understanding Social Problems in Hong Kong (CL03 + CT18),2,08:30,11:20,KEC THEATRE,
609,CCSS 4005,30,Understanding Social Problems in Hong Kong (CL03 + CT18),3,11:30,12:50,KEC 605,
610,CCSS 4005,31,Understanding Social Problems in Hong Kong (CL03 + CT19),2,08:30,11:20,KEC THEATRE,
611,CCSS 4005,31,Understanding Social Problems in Hong Kong (CL03 + CT19),5,11:30,12:50,KEC 509,
612,CCSS 4005,32,Understanding Social Problems in Hong Kong (CL03 + CT20),2,08:30,11:20,KEC THEATRE,
613,CCSS 4005,32,Understanding Social Problems in Hong Kong (CL03 + CT20),5,13:00,14:20,KEC 509,
614,CCSS 4005,33,Understanding Social Problems in Hong Kong (CL03 + CT21),2,08:30,11:20,KEC THEATRE,
615,CCSS 4005,33,Understanding Social Problems in Hong Kong (CL03 + CT21),4,16:00,17:20,KEC 501,
616,CCSS 4005,34,Understanding Social Problems in Hong Kong (CL03 + CT22),1,11:30,12:50,KEC 606,
617,CCSS 4005,34,Understanding Social Problems in Hong Kong (CL03 + CT22),2,08:30,11:20,KEC THEATRE,
618,CCSS 4005,35,Understanding Social Problems in Hong Kong (CL03 + CT23),1,10:00,11:20,KEC 606,
619,CCSS 4005,35,Understanding Social Problems in Hong Kong (CL03 + CT23),2,08:30,11:20,KEC THEATRE,
620,CCSS 4005,36,Understanding Social Problems in Hong Kong (CL04 + CT24),3,16:00,17:20,CIT 1008,
621,CCSS 4005,36,Understanding Social Problems in Hong Kong (CL04 + CT24),4,08:30,11:20,CIT 1006,
622,CCSS 4005,37,Understanding Social Problems in Hong Kong (CL04 + CT25),3,14:30,15:50,CIT 1008,
623,CCSS 4005,37,Understanding Social Problems in Hong Kong (CL04 + CT25),4,08:30,11:20,CIT 1006,
624,CCSS 4005,38,Understanding Social Problems in Hong Kong (CL04 + CT26),4,08:30,11:20,CIT 1006,
625,CCSS 4005,38,Understanding Social Problems in Hong Kong (CL04 + CT26),5,10:00,11:20,CIT 1007,
626,CCSS 4005,39,Understanding Social Problems in Hong Kong (CL04 + CT27),4,08:30,11:20,CIT 1006,
627,CCSS 4005,39,Understanding Social Problems in Hong Kong (CL04 + CT27),5,11:30,12:50,CIT 1007,
628,CCSS 4007,05,Introduction to Political Science,5,13:00,15:50,KEC 605,
629,CCSS 4007,06,Introduction to Political Science,1,13:00,15:50,KEC 509,
630,CCSS 4007,07,Introduction to Political Science,3,13:00,15:50,KEC 506,
631,CCSS 4007,08,Introduction to Political Science,2,10:00,12:50,KEC 605,
632,CCSS 4007,09,Introduction to Political Science,1,08:30,11:20,KEC 605,
633,CCSS 4009,49,Introduction to Psychology (CL05 + CT25),3,11:30,12:50,KEC 510,
634,CCSS 4009,49,Introduction to Psychology (CL05 + CT25),4,08:30,11:20,KEC THEATRE,
635,CCSS 4009,50,Introduction to Psychology (CL05 + CT26),3,13:00,14:20,KEC 510,
636,CCSS 4009,50,Introduction to Psychology (CL05 + CT26),4,08:30,11:20,KEC THEATRE,
637,CCSS 4009,51,Introduction to Psychology (CL05 + CT27),4,08:30,11:20,KEC THEATRE,
638,CCSS 4009,51,Introduction to Psychology (CL05 + CT27),5,13:00,14:20,KEC 504,
639,CCSS 4009,52,Introduction to Psychology (CL05 + CT28),4,08:30,11:20,KEC THEATRE,
640,CCSS 4009,52,Introduction to Psychology (CL05 + CT28),5,14:30,15:50,KEC 504,
641,CCSS 4009,54,Introduction to Psychology (CL05 + CT30),2,16:00,17:20,KEC 605,
642,CCSS 4009,54,Introduction to Psychology (CL05 + CT30),4,08:30,11:20,KEC THEATRE,
643,CCSS 4009,55,Introduction to Psychology (CL05 + CT31),3,16:00,17:20,KEC 805,
644,CCSS 4009,55,Introduction to Psychology (CL05 + CT31),4,08:30,11:20,KEC THEATRE,
645,CCSS 4009,57,Introduction to Psychology (CL05 + CT33),4,08:30,11:20,KEC THEATRE,
646,CCSS 4009,57,Introduction to Psychology (CL05 + CT33),5,08:30,09:50,KEC 805,
647,CCSS 4009,58,Introduction to Psychology (CL05 + CT34),4,08:30,11:20,KEC THEATRE,
648,CCSS 4009,58,Introduction to Psychology (CL05 + CT34),5,10:00,11:20,KEC 805,
649,CCSS 4009,59,Introduction to Psychology (CL05 + CT35),2,08:30,09:50,KEC 510,
650,CCSS 4009,59,Introduction to Psychology (CL05 + CT35),4,08:30,11:20,KEC THEATRE,
651,CCSS 4009,60,Introduction to Psychology (CL05 + CT36),2,10:00,11:20,KEC 510,
652,CCSS 4009,60,Introduction to Psychology (CL05 + CT36),4,08:30,11:20,KEC THEATRE,
653,CCSS 4009,61,Introduction to Psychology (CL05 + CT37),2,10:00,11:20,KEC 504,
654,CCSS 4009,61,Introduction to Psychology (CL05 + CT37),4,08:30,11:20,KEC THEATRE,
655,CCSS 4009,62,Introduction to Psychology (CL05 + CT38),2,11:30,12:50,KEC 504,
656,CCSS 4009,62,Introduction to Psychology (CL05 + CT38),4,08:30,11:20,KEC THEATRE,
657,CCSS 4009,63,Introduction to Psychology (CL05 + CT39),1,10:00,11:20,KEC 510,
658,CCSS 4009,63,Introduction to Psychology (CL05 + CT39),4,08:30,11:20,KEC THEATRE,
659,CCSS 4009,64,Introduction to Psychology (CL05 + CT40),1,08:30,09:50,KEC 510,
660,CCSS 4009,64,Introduction to Psychology (CL05 + CT40),4,08:30,11:20,KEC THEATRE,
661,CCSS 4009,65,Introduction to Psychology (CL05 + CT41),4,08:30,11:20,KEC THEATRE,
662,CCSS 4009,65,Introduction to Psychology (CL05 + CT41),5,10:00,11:20,KEC 506,
663,CCSS 4009,66,Introduction to Psychology (CL05 + CT42),4,08:30,11:20,KEC THEATRE,
664,CCSS 4009,66,Introduction to Psychology (CL05 + CT42),5,08:30,09:50,KEC 506,
665,CCSS 4009,67,Introduction to Psychology (CL05 + CT43),4,08:30,11:20,KEC THEATRE,
666,CCSS 4009,67,Introduction to Psychology (CL05 + CT43),4,10:00,12:50,KEC THEATRE,
667,CCSS 4009,69,Introduction to Psychology (CL06 + CT25),3,11:30,15:50,KEC 510,
668,CCSS 4009,69,Introduction to Psychology (CL06 + CT25),3,14:30,17:20,KEC THEATRE,
669,CCSS 4009,70,Introduction to Psychology (CL06 + CT26),3,13:00,15:50,KEC 510,
670,CCSS 4009,70,Introduction to Psychology (CL06 + CT26),3,14:30,17:20,KEC THEATRE,
671,CCSS 4009,71,Introduction to Psychology (CL06 + CT27),3,14:30,17:20,KEC THEATRE,
672,CCSS 4009,71,Introduction to Psychology (CL06 + CT27),5,13:00,14:20,KEC 504,
673,CCSS 4009,72,Introduction to Psychology (CL06 + CT28),3,14:30,17:20,KEC THEATRE,
674,CCSS 4009,72,Introduction to Psychology (CL06 + CT28),5,14:30,15:50,KEC 504,
675,CCSS 4009,73,Introduction to Psychology (CL06 + CT29),3,14:30,17:20,KEC THEATRE,
676,CCSS 4009,73,Introduction to Psychology (CL06 + CT29),4,10:00,11:20,KEC 906,
677,CCSS 4009,74,Introduction to Psychology (CL06 + CT30),2,16:00,17:20,KEC 605,
678,CCSS 4009,74,Introduction to Psychology (CL06 + CT30),3,14:30,17:20,KEC THEATRE,
679,CCSS 4009,76,Introduction to Psychology (CL06 + CT32),3,14:30,17:20,KEC THEATRE,
680,CCSS 4009,76,Introduction to Psychology (CL06 + CT32),4,08:30,09:50,KEC 906,
681,CCSS 4009,77,Introduction to Psychology (CL06 + CT33),3,14:30,17:20,KEC THEATRE,
682,CCSS 4009,77,Introduction to Psychology (CL06 + CT33),5,08:30,09:50,KEC 805,
683,CCSS 4009,78,Introduction to Psychology (CL06 + CT34),3,14:30,17:20,KEC THEATRE,
684,CCSS 4009,78,Introduction to Psychology (CL06 + CT34),5,10:00,11:20,KEC 805,
685,CCSS 4009,79,Introduction to Psychology (CL06 + CT35),2,08:30,09:50,KEC 510,
686,CCSS 4009,79,Introduction to Psychology (CL06 + CT35),3,14:30,17:20,KEC THEATRE,
687,CCSS 4009,80,Introduction to Psychology (CL06 + CT36),2,10:00,11:20,KEC 510,
688,CCSS 4009,80,Introduction to Psychology (CL06 + CT36),3,14:30,17:20,KEC THEATRE,
689,CCSS 4009,81,Introduction to Psychology (CL06 + CT37),2,10:00,11:20,KEC 504,
690,CCSS 4009,81,Introduction to Psychology (CL06 + CT37),3,14:30,17:20,KEC THEATRE,
691,CCSS 4009,82,Introduction to Psychology (CL06 + CT38),2,11:30,12:50,KEC 504,
692,CCSS 4009,82,Introduction to Psychology (CL06 + CT38),3,14:30,17:20,KEC THEATRE,
693,CCSS 4009,83,Introduction to Psychology (CL06 + CT39),1,10:00,11:20,KEC 510,
694,CCSS 4009,83,Introduction to Psychology (CL06 + CT39),3,14:30,17:20,KEC THEATRE,
695,CCSS 4009,84,Introduction to Psychology (CL06 + CT40),1,08:30,09:50,KEC 510,
696,CCSS 4009,84,Introduction to Psychology (CL06 + CT40),3,14:30,17:20,KEC THEATRE,
697,CCSS 4009,85,Introduction to Psychology (CL06 + CT41),3,14:30,17:20,KEC THEATRE,
698,CCSS 4009,85,Introduction to Psychology (CL06 + CT41),5,10:00,11:20,KEC 506,
699,CCSS 4009,86,Introduction to Psychology (CL06 + CT42),3,14:30,17:20,KEC THEATRE,
700,CCSS 4009,86,Introduction to Psychology (CL06 + CT42),5,08:30,09:50,KEC 506,
701,CCSS 4009,87,Introduction to Psychology (CL06 + CT43),3,14:30,17:20,KEC THEATRE,
702,CCSS 4009,87,Introduction to Psychology (CL06 + CT43),4,11:30,12:50,KEC 606,
703,CCSS 4009,88,Introduction to Psychology (CL06 + CT44),3,14:30,17:20,KEC THEATRE,
704,CCSS 4009,88,Introduction to Psychology (CL06 + CT44),4,10:00,11:20,KEC 606,
705,CCSS 4009,89,Introduction to Psychology (CL07 + CT45),3,13:00,14:20,CIT 801,
706,CCSS 4009,89,Introduction to Psychology (CL07 + CT45),4,14:30,17:20,CIT 1006,
707,CCSS 4009,90,Introduction to Psychology (CL07 + CT46),3,11:30,12:50,CIT 801,
708,CCSS 4009,90,Introduction to Psychology (CL07 + CT46),4,14:30,17:20,CIT 1006,
709,CCSS 4009,91,Introduction to Psychology (CL07 + CT47),2,11:30,12:50,CIT 801,
710,CCSS 4009,91,Introduction to Psychology (CL07 + CT47),4,14:30,17:20,CIT 1006,
711,CCSS 4009,92,Introduction to Psychology (CL07 + CT48),2,10:00,11:20,CIT 801,
712,CCSS 4009,92,Introduction to Psychology (CL07 + CT48),4,14:30,17:20,CIT 1006,
713,CCSS 4010,01,Introduction to Criminology,2,08:30,11:20,KEC 709,
714,CCSS 4010,02,Introduction to Criminology,1,14:30,17:20,KEC 609,
715,CCSS 4011,01,Global Governance and International Organizations,1,13:00,15:50,KEC 602,
716,CCSS 4012,01,Introduction to Chinese Politics,3,13:00,15:50,KEC 504,
717,CCSS 4015,01,Sociology of Health,1,11:30,14:20,KEC 506,
718,CCSS 4015,02,Sociology of Health,5,08:30,11:20,KEC 509,
719,CCSS 4015,03,Sociology of Health,1,10:00,12:50,KEC 504,
720,CCSS 4015,04,Sociology of Health,3,08:30,11:20,KEC 510,
721,CCSS 4018,12,Sociology of Social Problems (CL02 + CT12),1,13:00,15:50,KEC THEATRE,
722,CCSS 4018,12,Sociology of Social Problems (CL02 + CT12),5,13:00,14:20,KEC 506,
723,CCSS 4018,13,Sociology of Social Problems (CL02 + CT13),1,13:00,15:50,KEC THEATRE,
724,CCSS 4018,13,Sociology of Social Problems (CL02 + CT13),5,16:00,17:20,KEC 504,
725,CCSS 4018,14,Sociology of Social Problems (CL02 + CT14),1,13:00,15:50,KEC THEATRE,
726,CCSS 4018,14,Sociology of Social Problems (CL02 + CT14),4,11:30,12:50,KEC 602,
727,CCSS 4018,15,Sociology of Social Problems (CL02 + CT15),1,13:00,15:50,KEC THEATRE,
728,CCSS 4018,15,Sociology of Social Problems (CL02 + CT15),4,08:30,09:50,KEC 501,
729,CCSS 4018,16,Sociology of Social Problems (CL02 + CT16),1,13:00,15:50,KEC THEATRE,
730,CCSS 4018,16,Sociology of Social Problems (CL02 + CT16),5,11:30,12:50,KEC 506,
731,CCSS 4018,17,Sociology of Social Problems (CL02 + CT17),1,13:00,15:50,KEC THEATRE,
732,CCSS 4018,17,Sociology of Social Problems (CL02 + CT17),3,16:00,17:20,KEC 506,
733,CCSS 4018,18,Sociology of Social Problems (CL02 + CT18),1,13:00,15:50,KEC THEATRE,
734,CCSS 4018,18,Sociology of Social Problems (CL02 + CT18),4,16:00,17:20,KEC 504,
735,CCSS 4018,19,Sociology of Social Problems (CL02 + CT19),1,13:00,15:50,KEC THEATRE,
736,CCSS 4018,19,Sociology of Social Problems (CL02 + CT19),4,14:30,15:50,KEC 504,
737,CCSS 4019,03,Social Policy and Administration,2,13:00,15:50,KEC 508,
738,CCSS 4020,13,Social Sciences Research Methods (CL03 + CT07),3,14:30,15:50,KEC 509,
739,CCSS 4020,13,Social Sciences Research Methods (CL03 + CT07),5,16:00,17:20,KEC 603,
740,CCSS 4020,14,Social Sciences Research Methods (CL03 + CT08),3,16:00,17:20,KEC 509,
741,CCSS 4020,14,Social Sciences Research Methods (CL03 + CT08),5,16:00,17:20,KEC 603,
742,CCSS 4020,15,Social Sciences Research Methods (CL03 + CT09),4,11:30,12:50,KEC 504,
743,CCSS 4020,15,Social Sciences Research Methods (CL03 + CT09),5,16:00,17:20,KEC 603,
744,CCSS 4020,16,Social Sciences Research Methods (CL03 + CT10),4,13:00,14:20,KEC 504,
745,CCSS 4020,16,Social Sciences Research Methods (CL03 + CT10),5,16:00,17:20,KEC 603,
746,CCSS 4024,01,Introduction to Counseling,1,13:00,15:50,KEC 709,
747,CCSS 4024,02,Introduction to Counseling,1,08:30,11:20,KEC 508,
748,CCSS 4024,03,Introduction to Counseling,5,13:00,15:50,KEC 508,
749,CCSS 4025,02,Contemporary Social Work and Social Welfware,3,08:30,11:20,KEC 709,
750,CCSS 4026,01,Behavioural Sciences,1,08:30,16:30,KEC 704,
751,CCSS 4026,02,Behavioural Sciences,1,10:30,16:30,KEC 704,
752,CCSS 4030,01,Human Behaviour and Social Environment,4,13:00,15:50,KEC 510,
753,CCSS 4030,02,Human Behaviour and Social Environment,4,08:30,11:20,KEC 504,
754,CCSS 4033,01,Social Institutions and Everyday Life,1,08:30,11:20,KEC 506,
755,CCSS 4033,02,Social Institutions and Everyday Life,3,10:00,12:50,CIT 1008,
756,CCST 3004,05,The Science of Everyday Life,1,08:30,11:20,KEC 509,
757,CCST 4009,11,Energy and Environment,2,10:00,11:20,KEC 509,
758,CCST 4009,11,Energy and Environment,3,10:00,11:20,KEC 503,
759,CCST 4009,12,Energy and Environment,2,14:30,15:50,KEC 602,
760,CCST 4009,12,Energy and Environment,5,16:00,17:20,KEC 510,
761,CCST 4009,13,Energy and Environment,2,11:30,12:50,KEC 509,
762,CCST 4009,13,Energy and Environment,5,14:30,15:50,KEC 510,
763,CCST 4009,14,Energy and Environment,1,13:00,14:20,KEC 501,
764,CCST 4009,14,Energy and Environment,3,10:00,11:20,KEC 509,
765,CCST 4009,15,Energy and Environment,4,14:30,15:50,KEC 509,
766,CCST 4009,15,Energy and Environment,5,14:30,15:50,KEC 509,
767,CCST 4009,16,Energy and Environment,3,13:00,14:20,KEC 501,
768,CCST 4009,16,Energy and Environment,4,13:00,14:20,KEC 509,
769,CCST 4009,17,Energy and Environment,3,11:30,12:50,KEC 509,
770,CCST 4009,17,Energy and Environment,5,16:00,17:20,KEC 509,
771,CCST 4009,18,Energy and Environment,4,16:00,17:20,CIT 1007,
772,CCST 4009,18,Energy and Environment,5,08:30,09:50,CIT 1007,
773,CCST 4009,19,Energy and Environment,4,13:00,14:20,CIT 1007,
774,CCST 4009,19,Energy and Environment,5,14:30,15:50,CIT 1007,
775,CCST 4009,20,Energy and Environment,4,08:30,09:50,CIT 806,
776,CCST 4009,20,Energy and Environment,5,13:00,14:20,CIT 1007,
777,CCST 4009,21,Energy and Environment,2,11:30,12:50,CIT 1008,
778,CCST 4009,21,Energy and Environment,4,13:00,14:20,CIT 1008,
779,CCST 4009,22,Energy and Environment,1,08:30,09:50,CIT 1007,
780,CCST 4009,22,Energy and Environment,4,08:30,09:50,CIT 1008,
781,CCST 4010,03,Food and Nutrition Basics,1,16:00,17:20,KEC 903,
782,CCST 4010,03,Food and Nutrition Basics,4,16:00,17:20,KEC 903,
783,CCST 4010,04,Food and Nutrition Basics,1,10:00,11:20,KEC 903,
784,CCST 4010,04,Food and Nutrition Basics,2,08:30,09:50,KEC 903,
785,CCST 4011,02,Biodiversity and Genetics,4,11:30,12:50,KEC 903,
786,CCST 4011,02,Biodiversity and Genetics,5,08:30,09:50,KEC 904,
787,CCST 4013,01,Introductory Organic Chemistry,2,08:30,09:50,KEC 601,
788,CCST 4013,01,Introductory Organic Chemistry,5,10:00,12:50,KEC 608,
789,CCST 4013,01,Introductory Organic Chemistry,6,08:30,11:20,LAB ,
790,CCST 4013,01,Introductory Organic Chemistry,6,10:00,12:50,LAB ,
791,CCST 4013,02,Introductory Organic Chemistry,3,08:30,11:20,KEC 704,
792,CCST 4013,02,Introductory Organic Chemistry,4,08:30,09:50,KEC 609,
793,CCST 4013,02,Introductory Organic Chemistry,6,08:30,11:20,LAB ,
794,CCST 4013,02,Introductory Organic Chemistry,6,10:00,12:50,LAB ,
795,CCST 4013,03,Introductory Organic Chemistry,1,08:30,11:20,KEC 609,
796,CCST 4013,03,Introductory Organic Chemistry,2,11:30,12:50,KEC 609,
797,CCST 4013,03,Introductory Organic Chemistry,6,08:30,11:20,LAB ,
798,CCST 4013,03,Introductory Organic Chemistry,6,10:00,12:50,LAB ,
799,CCST 4013,04,Introductory Organic Chemistry,4,11:30,12:50,KEC 601,
800,CCST 4013,04,Introductory Organic Chemistry,5,10:00,12:50,KEC 601,
801,CCST 4013,04,Introductory Organic Chemistry,6,08:30,11:20,LAB ,
802,CCST 4013,04,Introductory Organic Chemistry,6,10:00,12:50,LAB ,
803,CCST 4013,05,Introductory Organic Chemistry,1,10:00,12:50,KEC 601,
804,CCST 4013,05,Introductory Organic Chemistry,3,11:30,12:50,KEC 503,
805,CCST 4013,05,Introductory Organic Chemistry,6,08:30,11:20,LAB ,
806,CCST 4013,05,Introductory Organic Chemistry,6,10:00,12:50,LAB ,
807,CCST 4015,01,"Fundamentals of Thermodynamics, Waves and Electromagnetism (CL01 + CT01)",2,08:30,11:20,KEC 503,
808,CCST 4015,01,"Fundamentals of Thermodynamics, Waves and Electromagnetism (CL01 + CT01)",5,08:30,09:50,KEC 501,
809,CCST 4015,02,"Fundamentals of Thermodynamics, Waves and Electromagnetism (CL01 + CT02)",2,08:30,11:20,KEC 503,
810,CCST 4015,02,"Fundamentals of Thermodynamics, Waves and Electromagnetism (CL01 + CT02)",3,08:30,09:50,KEC 509,
811,CCST 4015,03,"Fundamentals of Thermodynamics, Waves and Electromagnetism (CL01 + CT03)",2,08:30,11:20,KEC 503,
812,CCST 4015,03,"Fundamentals of Thermodynamics, Waves and Electromagnetism (CL01 + CT03)",5,08:30,09:50,KEC 501,
813,CCST 4015,04,"Fundamentals of Thermodynamics, Waves and Electromagnetism (CL01 + CT04)",2,08:30,11:20,KEC 503,
814,CCST 4015,04,"Fundamentals of Thermodynamics, Waves and Electromagnetism (CL01 + CT04)",3,08:30,09:50,KEC 509,
815,CCST 4016,09,Food and the Body,3,16:00,17:20,KEC 602,
816,CCST 4016,09,Food and the Body,4,13:00,14:20,KEC 506,
817,CCST 4016,10,Food and the Body,1,14:30,15:50,KEC 506,
818,CCST 4016,10,Food and the Body,4,10:00,11:20,KEC 510,
819,CCST 4016,11,Food and the Body,3,08:30,09:50,KEC 501,
820,CCST 4016,11,Food and the Body,4,14:30,15:50,KEC 506,
821,CCST 4016,12,Food and the Body,2,13:00,14:20,KEC 602,
822,CCST 4016,12,Food and the Body,3,11:30,12:50,KEC 506,
823,CCST 4016,13,Food and the Body,2,11:30,12:50,KEC 602,
824,CCST 4016,13,Food and the Body,3,16:00,17:20,KEC 605,
825,CCST 4016,14,Food and the Body,4,11:30,12:50,KEC 510,
826,CCST 4016,14,Food and the Body,5,13:00,14:20,KEC 501,
827,CCST 4016,15,Food and the Body,1,10:00,11:20,CIT 1007,
828,CCST 4016,15,Food and the Body,3,14:30,15:50,CIT 806,
829,CCST 4016,16,Food and the Body,2,11:30,12:50,CIT 1007,
830,CCST 4016,16,Food and the Body,3,16:00,17:20,CIT 806,
831,CCST 4017,04,Molecular Biology and Biochemistry,5,14:30,17:20,KEC 506,
832,CCST 4017,05,Molecular Biology and Biochemistry,4,08:30,11:20,KEC 509,
833,CCST 4017,06,Molecular Biology and Biochemistry,3,11:30,14:20,KEC 805,
834,CCST 4018,03,Cell Biology and Physiology,2,11:30,12:50,KEC 903,
835,CCST 4018,03,Cell Biology and Physiology,3,16:00,17:20,KEC 903,
836,CCST 4023,02,From Molecules to Cells,1,12:30,13:30,HKU ROOM,
837,CCST 4023,02,From Molecules to Cells,4,12:30,13:30,HKU ROOM,
838,CCST 4023,02,From Molecules to Cells,5,12:30,13:30,HKU ROOM,
839,CCST 4027,01,Pharmacology,1,11:30,12:50,KEC 609,
840,CCST 4027,01,Pharmacology,5,10:00,12:50,KEC 609,
841,CCST 4028,01,Nursing Care of the Adult,2,08:30,11:20,KEC 609,
842,CCST 4028,01,Nursing Care of the Adult,3,08:30,12:30,KEC 301,
843,CCST 4028,02,Nursing Care of the Adult,2,08:30,11:20,KEC 609,
844,CCST 4028,02,Nursing Care of the Adult,3,13:30,17:30,KEC 301,
845,CCST 4028,03,Nursing Care of the Adult,2,13:00,15:50,KEC 609,
846,CCST 4028,03,Nursing Care of the Adult,5,08:30,12:30,KEC 301,
847,CCST 4028,04,Nursing Care of the Adult,2,13:00,15:50,KEC 609,
848,CCST 4028,04,Nursing Care of the Adult,5,13:30,17:30,KEC 301,
849,CCST 4029,02,Inorganic Chemistry I,2,14:30,18:30,HKU LAB,
850,CCST 4029,02,Inorganic Chemistry I,4,10:30,12:30,HKU ROOM,
851,CCST 4030,02,Analytical Chemistry I,1,09:30,11:30,HKU ROOM,
852,CCST 4030,02,Analytical Chemistry I,5,14:30,18:30,HKU LAB,
853,CCST 4031,02,Introductory Physical Chemistry,1,15:30,17:30,HKU ROOM,
854,CCST 4031,02,Introductory Physical Chemistry,4,15:30,16:30,HKU ROOM,
855,CCST 4035,01,Fluid/Solid Interactions in Earth Processes,2,16:30,18:30,HKU ROOM,
856,CCST 4035,01,Fluid/Solid Interactions in Earth Processes,5,11:30,13:30,HKU ROOM,
857,CCST 4039,02,Organic Chemistry I,2,10:30,12:30,HKU ROOM,
858,CCST 4039,02,Organic Chemistry I,5,11:30,12:30,HKU ROOM,
859,CCST 4040,01,Introductory Electricity and Magnetism,2,15:30,16:30,HKU ROOM,
860,CCST 4040,01,Introductory Electricity and Magnetism,5,15:30,17:30,HKU ROOM,
861,CCST 4044,01,Planetary Geology,3,10:30,12:30,HKU ROOM,
862,CCST 4044,01,Planetary Geology,5,13:30,15:30,HKU ROOM,
863,CCST 4047,01,Fundamentals of Human Body Structure and Function,4,10:00,11:20,KEC 506,
864,CCST 4047,01,Fundamentals of Human Body Structure and Function,5,14:30,17:20,KEC 805,
865,CCST 4047,02,Fundamentals of Human Body Structure and Function,1,08:30,11:20,KEC 805,
866,CCST 4047,02,Fundamentals of Human Body Structure and Function,4,08:30,09:50,KEC 506,
867,CCST 4047,03,Fundamentals of Human Body Structure and Function,1,16:00,17:20,KEC 502,
868,CCST 4047,03,Fundamentals of Human Body Structure and Function,2,08:30,11:20,KEC 506,
869,CCST 4048,01,Introduction to Human Diseases: Pathology and Pathophysiology,1,14:30,15:50,KEC 502,
870,CCST 4048,01,Introduction to Human Diseases: Pathology and Pathophysiology,2,13:00,15:50,KEC 601,
871,CCST 4050,01,Clinical Microbiology and Communicable Diseases,5,08:30,13:00,KEC 903,
872,CCST 4051,01,Fundamentals of Pharmacology,3,08:30,11:20,KEC 506,
873,CCST 4053,03,Clinical Nursing Care I,2,13:30,18:30,KEC 801,
874,CCST 4053,03,Clinical Nursing Care I,4,08:30,12:30,KEC 301,
875,CCST 4053,04,Clinical Nursing Care I,2,13:30,18:30,KEC 801,
876,CCST 4053,04,Clinical Nursing Care I,4,13:30,17:30,KEC 301,
877,CCST 4060,01,Evolutionary Diversity,2,08:30,15:50,HKU ROOM,
878,CCST 4060,01,Evolutionary Diversity,2,14:30,17:20,HKU LAB,
879,CCST 4060,01,Evolutionary Diversity,4,08:30,09:30,HKU ROOM,
880,CCST 4062,01,Methods in Physics II,1,09:30,11:30,HKU ROOM,
881,CCST 4062,01,Methods in Physics II,4,09:30,10:30,HKU ROOM,
882,CCST 4064,01,Elementary Statistical Methods,1,15:30,17:30,HKU ROOM,
883,CCST 4064,01,Elementary Statistical Methods,4,15:30,16:30,HKU ROOM,
884,CCST 4065,02,Blue Planet,1,12:30,14:30,HKU ROOM,
885,CCST 4065,02,Blue Planet,2,13:30,15:30,HKU ROOM,
886,CCST 4074,02,Probability and Statistics I,1,08:30,09:30,HKU ROOM,
887,CCST 4074,02,Probability and Statistics I,3,08:30,10:30,HKU ROOM,
888,CCST 4077,01,Health Assessment,1,08:30,12:30,KEC 301,
889,CCST 4077,01,Health Assessment,4,08:30,11:20,KEC 502,
890,CCST 4077,02,Health Assessment,1,13:30,17:30,KEC 301,
891,CCST 4077,02,Health Assessment,4,08:30,11:20,KEC 502,
892,CCST 4077,03,Health Assessment,2,08:30,12:30,KEC 301,
893,CCST 4077,03,Health Assessment,4,13:00,15:50,KEC 502,
894,CCST 4077,04,Health Assessment,2,13:30,17:30,KEC 301,
895,CCST 4077,04,Health Assessment,4,13:00,15:50,KEC 502,
896,CCST 4081,03,Modern Developments in Biotechnology,4,13:00,15:50,KEC 805,
897,CCST 4081,04,Modern Developments in Biotechnology,2,08:30,11:20,KEC 602,
898,CCST 4081,05,Modern Developments in Biotechnology,1,13:00,15:50,KEC 805,
899,CCST 4082,01,Biomedical Science,2,10:00,11:20,KEC 502,
900,CCST 4082,01,Biomedical Science,4,13:00,15:50,KEC 709,
901,CCST 4082,02,Biomedical Science,3,14:30,17:20,KEC 508,
902,CCST 4082,02,Biomedical Science,5,13:00,14:20,KEC 807,
903,CCST 4082,03,Biomedical Science,1,08:30,09:50,KEC 807,
904,CCST 4082,03,Biomedical Science,5,08:30,11:20,KEC 807,
905,CCST 4085,01,Biostatistics,1,14:30,17:20,HKU ROOM,
906,CCST 4086,02,Nature of Universe,2,13:30,15:30,HKU ROOM,
907,CCST 4086,02,Nature of Universe,5,14:30,15:30,HKU ROOM,
908,CCST 4087,01,Environmental Life Science,2,13:30,14:30,HKU ROOM,
909,CCST 4087,01,Environmental Life Science,4,13:30,14:30,HKU ROOM,
910,CCST 4088,01,Demographic and Socio-Economic Statistics,1,09:30,11:30,HKU ROOM,
911,CCST 4088,01,Demographic and Socio-Economic Statistics,4,09:30,10:30,HKU ROOM,
912,CCST 4091,03,Biological Sciences Laboratory Course,3,10:30,17:30,HKU ROOM,
913,CCST 4091,05,Biological Sciences Laboratory Course,3,10:30,12:30,HKU ROOM,
914,CCST 4091,05,Biological Sciences Laboratory Course,5,13:30,17:30,HKU LAB,
915,CCST 4095,01,Introduction to Climate Science,1,15:30,17:30,HKU ROOM,
916,CCST 4095,01,Introduction to Climate Science,5,15:30,17:30,HKU ROOM,
917,CCST 4096,01,Problem Solving in Physics,2,15:30,16:30,HKU ROOM,
918,CCST 4096,01,Problem Solving in Physics,5,15:30,17:30,HKU ROOM,
919,CCST 4098,02,Introductory Mechanics,1,15:30,17:30,HKU ROOM,
920,CCST 4098,02,Introductory Mechanics,4,15:30,16:30,HKU ROOM,
921,CCST 4099,03,University Mathematics II,2,12:30,13:30,HKU ROOM,
922,CCST 4099,03,University Mathematics II,5,12:30,14:30,HKU ROOM,
923,CCST 4100,02,Statistics: Ideas and Concepts,1,14:30,15:30,HKU ROOM,
924,CCST 4100,02,Statistics: Ideas and Concepts,4,13:30,15:30,HKU ROOM,
925,CCST 4101,03,General Chemistry I,2,11:30,12:30,HKU ROOM,
926,CCST 4101,03,General Chemistry I,3,09:30,12:30,HKU LAB,
927,CCST 4101,03,General Chemistry I,5,11:30,12:30,HKU ROOM,
928,CCST 4102,01,Primary Health Care and Health Promotion,2,09:00,14:20,KEC 704,
929,CCST 4102,01,Primary Health Care and Health Promotion,2,13:00,15:50,KEC 705,
930,CCST 4102,02,Primary Health Care and Health Promotion,2,09:00,14:20,KEC 704,
931,CCST 4102,02,Primary Health Care and Health Promotion,2,13:00,15:50,KEC 705,
932,CCST 4104,03,Clinical Nursing Care II,4,13:30,17:30,KEC 801,
933,CCST 4104,03,Clinical Nursing Care II,5,08:30,12:30,TBC ,
934,CCST 4104,04,Clinical Nursing Care II,4,13:30,17:30,KEC 801,
935,CCST 4104,04,Clinical Nursing Care II,5,13:30,17:30,TBC ,
936,CCST 4106,01,Specialty Nursing II,2,13:00,14:20,KEC 604,
937,CCST 4106,01,Specialty Nursing II,4,09:00,12:00,KEC 807,
938,CCST 4106,02,Specialty Nursing II,2,13:00,14:20,KEC 604,
939,CCST 4106,02,Specialty Nursing II,4,09:00,12:00,KEC 807,
940,CCST 4108,01,Professional Nursing,3,09:00,15:00,KEC 807,
941,CCST 4108,02,Professional Nursing,3,09:00,15:00,KEC 807,
942,CCST 4110,02,Multivariable Calculus and Linear Algebra,2,12:30,13:30,HKU ROOM,
943,CCST 4110,02,Multivariable Calculus and Linear Algebra,5,12:30,14:30,HKU ROOM,
944,CCST 4111,02,General Chemistry II,1,15:30,17:30,HKU ROOM,
945,CCST 4111,02,General Chemistry II,4,15:30,16:30,HKU ROOM,
946,CCST 4113,01,Nursing Practicum II,4,08:30,17:30,TBC ,
947,CCST 4114,01,Geological Heritage of Hong Kong,1,09:30,11:30,HKU ROOM,
948,CCST 4114,01,Geological Heritage of Hong Kong,6,09:30,17:30,HKU ROOM,
949,CCTL 4002,01,Comparative Study of Chinese and English,3,08:30,11:20,KEC 805,
950,CCTL 4003,01,Introduction to Interpretation: Cantonese/English,1,10:00,12:50,IEC 801,
951,CCTL 4003,02,Introduction to Interpretation: Cantonese/English,3,13:00,15:50,IEC 801,
952,CCTL 4004,01,Practical Translation I (Business and Commercial; Financial),5,11:30,14:20,KEC 805,
953,CCTL 4005,01,Conference Interpreting: Cantonese/English,3,08:30,11:20,IEC 801,
